intinya kita hidup cuma x jadi jangan lakukan hal bodoh,positive
kaburajadulu  berlaku saat kamu punya skill kamu sehat kamu semangat kamu usia produktif tapi gak punya orang dalam,negative
aja sendiri,neutral
di tengah anda bilang masyarakat harus sadar dan anda mengakhirinya dengan jika semua umat bersatu dan memohon pertolongannya pertannyaan saya adalah  bagaimana cara kita mempersatukan umat dan merubah indonesia menjadi lebih baik lagi sedangkan kita tidak mempunyai kuasa apakah kita hanya akan memohon pertolongannya,neutral
insyaallah next aku bahas ya kak makasih pertanyaannya,neutral
sebenarnya saya setuju dengan pendapat kakak tapi yg menjadi problematika nya adalah bagaimana kita menyadarkan pemerintah negara yg sudah sangat bobrok ini dan menyatukan masyarakat sudah terpecah belah akibat pemerintah nya sendiri,negative
yah kalau ultraman okelah kita figuran saja ges bukan sutradara,negative
hidup pki,negative
wkwkwk org org edgy kaya gini bermunculan cari kesempatan dikala trend sedang jalan  biasanya langsung so salmon dari trend dan putar arah  dikira yg laen sebelum bikin hashtag kaburajadulu kaga pernah dan kaga usaha besar kali buat pengorbanan masa depan dia sndiri,negative
insyaallah bakal dibahas di next konten ya kak,neutral
mending mikirin diri sendiri dulu mikirin negara ntar belakangan aja bodo amat ama negara,negative
nadionalisme hahaha mau lawan pemerintah terkorup korupsi itu nasionalisme sekali ya  ngapain berjuang buat negara yang mulai bobrok inflasi dll mending kaburajadulu,negative
dih,negative
orang yang gk mampu kabur,negative
baca surat arrad,neutral
gue belajar ini di jurusan gue jurusan gue hubungan internasional kata dosen gue faktanya indonesia itu cuma bisa membanggakan di bagian rakyatpopulasi mereka paling banyak thats it do be stupid with all of the government baru banget gue baca pov dari gitasav and all the facts that dia udh di ajarin dari kecil kalau indonesia memang udh bobrok jadi untuk kaburduluaja itu kembalikan lagi pilihan masing masing yg pastinya kabur ini tidak disalahkan dan i think u dont have to say kembalikan ke allah lagi,negative
yg kabur ga nyerah kak malah mereka berjuang buat ngisi perut sama otakk,positive
yg kaya dari lahir mah enak kita yg ga punya apa mau bertahan di negara ginibikin sengsara,negative
teori yg luar biasa fakta di lapangan adalah banyak org yg baik dan benar bukannya bisa merubah sistem tapi malah ikut kebawa arus contohnya di pengurus rt saya sendiri sblm jadi pengurus rt suami istri tetangga saya ini orgnya rajin beribadah dan amanah setelah jadi pengurus rt mereka tetap rajin beribadah hanya saja sudah melakukan bnyk pungli dan korup dana sedih sekali melihat kenyataan ini,negative
nggk semua org islam,neutral
andaikan mayoritas publik itu orang kaya tentu lebih mudah untuk mengubah negeri ini faktanya orang pinter cuma digaji umr buat apa makanya banyak yg kabur keluar negeri lebih dihargai,negative
malah ngomongin sistem wkwk sistem khilafah lu udah mati  lagian sok jadi guru dengan kalimat narasi mu yang seperti itu apakah orang lain akan tertarik big no lu itu sama aja pemerintah gak ada yang lebih baik hanya memikirkan golongan mu saja disini dalam artian muslim sebelum bikin bacotan ig mending mikir dulu diri sendiri deh mba,negative
yang mau kabur juga ituhak mereka kak,neutral
solusi si,neutral
mending mikirin diri sendiri dan keluarga daripada mikirin negara,negative
ini alasan kenapa gw milih golput,negative
tuh kan khilafah solusinya  kata alumni ormas yg dibubarin paksa pemerintah,negative
yg kerjanya  tahun pensiunnya seumur hidup,negative
mikirin negara yang gak mikirin kita,negative
nungguin banget kak apa jawabanyaa ,neutral
maaf ya kak insyaallah secepatnya diusahakan,neutral
kalau sda nya sih emang kaya tapi sdm nya gak tau yaa ntar kalo pada kabur semua asyik donk mereka yang nemu sda kita ,negative
sebelum kabur stop hal ini stop pake pinjol stop pake spaylatter stop main slot stop main judol stop ngarep bansos stop pinjam dulu  stop bayar dulu entar diganti stop makan bj bayar bj stop merokok bila belum kaya stop minum miras stop dikejar kaum koperasi stop diintai devkolektor stop suka beli produk isrewell silahkan ditambakan biarkan seakan akan disempurnakan,positive
stop narkoboy,positive
cek postingan terbaru ya sudah up,neutral
nyimak dari japan ,neutral
betul yang susah diajak mikir malah milih yang ngajak joged,negative
kak indonesia negarq pertama yang merdeka dari perang dunia  tapi kenapa kalah dgn negara yg baru merdeka seperti china baru merdeka terus dilanda kelaparan dasyat atau korea yang baru damai perang sodara atau jepang sendiri yg kalah perang dan lulu lantak kenapa  aku malu sama pahlawan yg sudah rela memgorbankan nyawanya utk kita skrg tp kaburajadulu  bisa membuat kita sejenak beristrahat dari ke jengahan ini,positive
percuma mba statement begini menurut saya adanya first class second class itu nyata jadi ya mending pikirin diri sendiri dan berkreasi di negara orang,negative
masa bodoh negara yang sudah hancur ini sama sekali tidak bisa perbaiki kaburajadulu,negative
salah satu nya memperjuangkan masa depan anak anak,positive
kaburajadulu kritik tajam atau bentuk kepasrahan ini faktanya,neutral
semangat ya kakaku tau kakak pasti bisananti kalo kakak udah membuktikan dan berhasil di negri kita tercintasaya akan kembali,positive
kaburajadulu balik lagi bawa rudal buat bersihin sampah disni,negative
menunggu pertolongan dari allah swt tidak dengan diam ajadiam aja di negeri ini tanpa berani melangkahkan kaki keluar mencari kekuatan itu hal yang percuma kita dikasih pemikiran untuk mencari solusi akan suatu permasalahan jika kita tetap diam disni apa yg bisa diperbuat jangan samakan realita dengan film film yang tiba tiba kesamber petir lalu mendapat kekuatan super untuk menumpas kejahatan,positive
bukan solusitapi opsi,neutral
menurut kita    kabur aja dulu adalah solusi kita udh ga mau urusin negara dulu kalau kehidupan kita aja msh blm ke urus mau memoerbaiki kehidupan di negara eropa dulu dan bikin bahagia diri sendiri dan keluarga karena hidup hanya x jd jangan buang tenaga sia,negative
kamu yg keliling aku yg jaga api ya,neutral
kaburajadulu,negative
keren banget kaakk,positive
makasih evaa hehe,neutral
memang sudah tidak bisa di pernaiki mau dikasih presiden seorang nabi pun kalo dibawahnya begitu juga tetep jebol ini negri,negative
mungkin cara memperbaiki nya dengan cara kaburajadulu ,negative
gmn yah cara perbaikin rakyat ada musibah aja mrk cari kesempatan toko dijarah truk kebalik di comot barangnya duh udh dari rakyat kecil ke pemerintahanya korup efishery jg bikin malu indo di mata global padahal dulu digadang gadang,negative
gak semua yang kabur pengen ngasih solusi mending mikiri diri sendiri dan keluarga aja ngapain mikirin negara pejabat aja yang udah digaji suruh mikir,negative
justru kalau mau perbaiki mah dari yang paling atas kasih nilai ke bawah bukan malah kebalik,neutral
kok lucu yaa  justru kalo kita punya pemimpin yg baik amanah  cerdas sudah pasti dibenahi sistem sektor pendidikan supaya menghasilkan generasi yg cerdas,neutral
dulu indonesia ini lahir atas dasar cita cita yang lebih baik berharap negara dan kehidupannya akan jadi lebih makmur jika di kelola oleh orang kita sendiri maka dari itu hindia belanda di hilangkan dengan cara apapun beruntungnya jepang berhasil mengalahkan negara tersebut masuk lah jepang dengan cita citanya yang sudah menyimpang itu kemudian jepang terlibat konflik besar dengan blok barat jepang yang baru menata pemerintahan di tanah bekas hindia belanda ini kalah dalam ww dengan kekalahan tersebut jepang berhasil menyerah ke pada barat karena kekalahan tersebut jepang kemudian menarik pasukannya dari tanah bekas hindia belanda ini untuk pulang jepang kalah belanda kalah tanah ini menjadi tanah tak bertuan hindia belanda runtuh jepang belum selesai membangun akhirnya kesempatan ini di manfaatkan oleh para pemuda dan tokoh tokoh bangsa untuk mendeklarasikan sebuahh negara dan sekarang negara itu sudah berdiri sampai sekarang pertanyaannya apa perlu negara ini di tata ulang seperti hindia belanda yang di leburkan,positive
buat mba salsabila saya mau memberi sedikit saran buat mba nya jangan amau di bodohi oleh negara dan narasi narasi  negara kita ini paling kaya dari negara manapun  faktanya negara kita negara miskin itu hanyalah hiburan pemerintah yang di berikan kepada rakyatnya agar supaya mereka tetap merasa terhibur di tengah kemiskinan yang lagi melandakalau mau negara ini bener kembali maka solusinya tata ulang dari awal ada  opsi untuk menata ulang ganti negara ini dengan negara baru beserta system pemerintahnya atau kudeta seluruh element yang ada di pemerintahan saat ini pertanyaannya apa kita sanggup  apa kita punya power,negative
makasih sarannya kak,neutral
emng ga mau mikir negara mending mikirin diri sendiri masa depan diri sendiri lebih penting pemerintah egois kita juga harus lebih egois untuk masa depan kalau ga mau disebut sebagai beban negara lebih baik kita cari masa depan di negara orng gaji lebih layak lapangan kerja banyak bukan karna kita ga punya jiwa nasionalisme tpi kita kalau miskin negara juga ngangep kita sebagai beban tinggal itu pilihan mau di miskinkan negara seumur hidup atau keluar sekarang kaburajadulu,negative
udah nonton squid game kedua blm ya kek gitulah kita pada akhirnya,negative
kita  sangat sulit melawan  yg tau sendiri lah yaaa,negative
betul banget bae pendapat kmbali ke diri kita,neutral
keren banget kaka sampai habis aku bacanya,positive
samasama berjuang tapi saya berjuang di luar negeri,neutral
makasiih kakk,neutral
bikin solusi aj sendiri stop naif lu bisa perbaiki indonesia sekarang ini,negative
mending mikir diri sendiri dulu negara belakangan aja toh negaranya aja sekarang ga peduli ama rakyatnya,negative
 sok mau melawan petinggi negeri pengusaha sekaya apapun kalo melawan kartel pejabat bisa gulung tikar di tambah hukum yg ambigu dan menjerumuskan,negative
udh gk peduli sama yang namanya nasionalisme ,negative
gua mau kabur dulu tpi belum cukup modal,negative
emang ga boleh keluar negeri terserah mereka dong klo bakatnya ga dihargai di indonesia mending cari tempat dimana kamu dihargai pemerintah konoha emang ga pernah muhasabah diri anti kritik dll saya aja baru  bulan di malaysia udh nyaman kok,negative
kaburajadulu,negative
sebenarnya bnyk yg sudah berusaha dengan mencoba mengubah system rusak ini tapi  per  di gusur sama yg d atas suap kanan kiri klo gk bisa d ajak kerja sama ya d kick out sama tikusnya org dekat yg merjuangin itu membuang waktu muda dan tua mreka dengan hasil yg nihil bahkan jejak perjuangan nya pun nol besar mending realistis saja tidak semua bisa dirubah dan itu kenyataannya ,negative
yuk lah kita hijrah,neutral
setuju yang milih kabur aja dulu keluar antara memang lebih pengen yang langsung nikmatin instan tau kok pemerintahan dan negara kita bobrok gk enak tapi itu bukan alasan untuk kita kabur,positive
tulisam anak smp yang belum paham hidup atau anak manja yang sembunyi dibawah ketiak negara ini gak akan bisa diselamatkan lagi budaya busuknya udh mendarah daging keluar dari indonesia as long as you can,negative
kalo kata habib jafar malaikat suruh mimpin indonesia pun jadi iblis dianya,negative
yaah opsi nya cuma kabur pasrah atau revolusi,neutral
heh asal lo tau udah berapa taun gua jadi jongos org mulu gaji hanya segitu gitu aja dan sekarang nganggur lagi aja gausah munafik lo admin yeh gua kasih tau dah ini negara ga akan lama juga bakalan ancur system kepemerintahannya liat aja nanti masa prime kejayaan dan kesejahteraan rakyat indonesia cuma stak di pak soeharto selebihnya gagal jadi apa yg mau diharapkan udah lets go goo kaburajadulu,negative
idealismenya terlalu tinggi eksekusinya susah silakan laean tuh kapitalisme dan lingkaran setan yang udah mengakar,negative
gen z malas membaca banyak banyak ehe maap ga kebaca,negative
ibarat nasi dan daging udah busuk sebusuk busuknya emg bisa jadi enak lagi dimakan sekalipun dimasak lagi udah ancur negara ini,negative
kaya negara mikirin kita aja   kaburajadulu,negative
mending kabur sih bobrok nya indonesia itu uda smpe ke level bawah polisi dan aparat yg harusnya membantu masyarakat sama sekali ga bekerja sesuai dengan fungsinya pejabat dgn seenak udelnya bikin kebijakan yg ga memihak rakyat capek gua tgl di indonesia,negative
kok berani kamu komen sprti ini bakal saya lacak akun mu biar di penjara,negative
harus nasionalisme lu jadi manusia,positive
huuu takut banget aku tu ,negative
gak dimasak lagi kak tapi emang harus dibuang dlu baru deh masak lagi yang baru ,negative
kakanya sudah mereasa cukup di hargai ga di konoha ini realistis aja ka kabur itu bukan cuma skedar nyari buat perut tapi dengan value kita bisa lebih di hargai buat apa tinggal di megara sndiri tapi kita sndiri ga di hargai  jadi itu hak mereka yg sadar akan hancurnya negara ini,negative
gak lah bercanda kok ,neutral
tepatnya definisi buta tentang nasionalisme yg diucapkan segelintir oknum kak kita sedang digaslight sama mereka ,negative
maaf untuk saat ini lbih mikirin kluarga saja gk mikir negara dulu krn sekolah anak juga hrs bayar makan bayar pajak rumah dll bayar kl gk di luar negri aku juga tak bisa mencukupi semua itu ,negative
tagar kabur aja dulu jangan sampe mengaburkan isu pagar laut perampasan tanah l dan korupsi triliunan,negative
nyalain apinya sendiri bang,negative
caranya gmana saya ingin skali pergi dri negri yg kacau ini,negative
maen dikandang aja kalah sok sok an tandang pake hastag kabur aja dulu ,negative
cinta sm cwe ga harus dipacarin pikiran loser ,negative
kaburajadulu mungkin pilihan yang bagus untuk saat ini,neutral
fto tukang goremgan di pajang sih min,negative
ngaca sih minimal,negative
nasionalisme kita tinggitapi para pejabat untuk masyarakat nya gimana hayo,negative
bahlil ketika kenyang memang begitu dia,negative
bodo amat soal nasionalisme dari pada lu kuliah uang ortu habis ratusan juta lulus kuliah isi cv lu diminta setara sama yang mahakuasa noh ama si dzolim  hrd  human rada dzolim  wkwkwk sejeleknya kerja di luar msh bisa stay sendirikos lah di sini mau ngekos pun kudu gaji di atas umr  mau minta di atas umr pengalaman lu kudu ngalahin isi langit ,negative
paling terbaik itu ke australia  saya pernah bercitacita tinggal di sana   kesampaian pada tahun ,positive
aduh tolong indonesiaku ,positive
izin tag,neutral
selama punya skill yg mumpuni go klo belum punya belajar dulu jangan tergiur iming orang yg bisa aja menjerumuskan,neutral
banyak tikus soalnya,negative
kan klo kita gak kabur biar jadi sapi perah pajak rakyat gak dpt apa tp pejabat yg dpt banyak duit yg bnr tuh dari sekelasdpr mpr menteri dipangkas tunjangan meeting dan hal gak penting baru ekonomi negara stabil yg diatas gak mau dipangkas yg bawah dikerok terus yg kaya makin kaya yg miskin tambah miskin apa yg keadilan sosial,negative
harus semiskin apa biar dibilang nasionalisme tinggi,negative
slide trakhir saya kira foto penampakan gundul pringis ,negative
apakah bapak yakin dengan nasionalimse para pejabat sekarang dan terdahulu yg thn kemerdekaan belum berhasil mensejahtarrakan rakyat pak thn  indonesia merdeka ditahun yg sama jepang di bom hancur loh tp kesejahteraannya beda jauh ya tau pak kenapa karena mereka konsen sama pendidikan  krn paham hanya rakyat pintar yg bisa membangun kembali negara indo bikin apa,negative
mutant ape,negative
kl punya kesempatan memang harus kerja ke luar negeri,neutral
ragu kan bukan bahlil yang gaji kita,negative
telat sudah sejak  kabur  tapi anehnya masi banyak orang yg tinggal di luar negri tapi pas  august nasionalismenya keluar semua ,negative
mau kabur boleh asal jangan mental rebahan seperti yg viral di singapura minggu minta balik,negative
saya sudah kabur dari dulu  ayo temen kabur ke luar negri yuk  hidup lebih damai tentram,positive
top,neutral
lagi enakx baca tulisannya ehhh terakhir muncul si bahluljadi neg,negative
tolong halaman terakhir mukanya ditertibkan,negative
ngga tertib mukanya mang,negative
lariii ada bahlil lariiiii,negative
pernah denger dari kokoh china kenapa etnis tionghoa atau china itu tersebar di seluruh dunia atau negara negara lain karna kata mereka begini jikalau mereka tidak bisa berkembang di tempat asal nya maka mereka harus mencari tempat dimana mereka bisa berkembang maka dari itu banyak banget kan para miliarder ato pebisnis yang keturunan asal china di berbagai negara jadi gada salahnya kaburajadulu sapa tau bisa ngikutin jejaknya seperti china,positive
negara tanpa rakyat,negative
elu yg milih elu yg muak gimane dh,negative
para pejabat dan institusi nasionalisme hanya ada di lambang bajudi hati nya hanya ada kapitalisme dan seonggok sampah keserakahan,negative
gw bayar utang ga pake nasionalisme bos,negative
langkah yang tepat,positive
dan saya meragukan kualitas kinerja bapak,negative
indonesiagelap,negative
ada orang yang membanggakan ipk rendah  bilang kalau ipk tinggi bakal jadi karyawan biasa yang artinya dia mendukung sdm rendah tapi ternyata dia juga mencantumkan gelarnya di nama dia artinya dia haus pengakuan atas gelarnya sendiri dan juga munafik dengan pernyataan dia sebelumnya,negative
mantap,neutral
ini negara apasi kenapa orang orang pemerintahannya lawak smua,negative
dari  point itu faktor utama nya kurang adil di konoha kesenjangan ekonomi terpampang nyata gk ketolong udah ,negative
waduh jadi pertimbangan,neutral
mau juga gimana ya ingin kerja di luar negeri aja,negative
setuju ,neutral
pngen ikut kabur aja dulutp kok susah bnyak sainganya,negative
nanti kl sdh di luar negeri terus kesandung masalah lalu teriak lagi bikin tagar lagi hadeheh kl niatnya mau merantau silahkan gak ada yg melarang gk usah pakai minggatajadulu maluin kl ujungnya jg pulang kok,negative
komentar terbaik,neutral
di sisi lain para elit yang haus kekuasaan dan jabatan merasa lega karena kompetisi pada level kaum intelektual semakin berkurang seharusnya bukan kabur aja dulu tapi rebut kembali kemerdekaan rakyat indonesia di tanah airnya sendiri rebut kembali hakhak rakyat dalam uud demi keluarga dan anakcucu kalau perlu korbankan air mata dan darah ,negative
justru anda yg mesti instropeksi diri ,negative
stopbayarpajak,negative
lha saya meragukan kinerja anda,negative
baru ngerasain peluang kerja di negara maju ternyata sefair itu usia  changing career mulai dari nol bener bisa,positive
ireng brisik,negative
yang tidak punya rasa nasionalisme adalah para pemimpin yg dzalim dan para koruptor karena mereka perlahan lahan membunuh rakyatnya,negative
sudah kabur dari  tahun lalu  sekarang menetap di ,neutral
kalo trend kabur aja dulu ini makin intens fix tolong pak prabowo buat inpres wajib militer buat warganya ,neutral
nasionalisme pejabat ini yang bikin rakyat ragu terlalu sibuk memperkaya diri enggan mensejahterakan rakyat,negative
nama giphy nya apa bg,neutral
lah saya malah meragukan nasionalisme kalian karena kalian sendiri aja sukanya korupsi uang rakyat sama negara darimana tingkat nasionalisme nya pakkk,negative
kebanyakan minum ,negative
bahlil menjadi bahlul dengan adanya pemuda dari solo yg ngango ngango,negative
singapore udah paling oke,positive
nyari ajakan buat kerja di ln ada ga ya udah siap ni ayo gasss,neutral
gausah berbicara nasionalisme memang negara memberikan kenyamanan dan keamanan untuk rakyatnya dan satu lagi nasionalisme tidak diukur dr dimana kita berada,negative
gw dukung yang mau kaburajadulu soalnya gw salah satunya kalian itu bervalue skill ilmu otak yang kalian punya itu berharga di negara orang negara sendiri gak menghargai kalian cari negara dimana kalian dihargai,positive
betul saya udah  tahun overseas selalu bangga bilang saya dari indonesia,positive
aku malah meragukan ucapan kalian yg pda mau kabur keluarnegeri emngnya punya duit emngnya punya skill emngnya betah klo diluar dengan tekanan kerja diluar jobdesk emangnya semua agencylpk bisa dipercaya semua yakin gk ada yg nipu giliran diluar terlantar minta bantuan negara sendiri untuk pulang setidaknya klo muak dengan pemerintahan di indo paling ngga buat kata yg masuk akal jalanin hidupkalian masing kagak usah mkirin pemerintahan yg udah darksystem,negative
berisik bahlul,negative
ga jauh beda sama abu lahab,negative
nasionalis tidak hanya semata tinggal d indonesia saja buat apa jg ada orang yg tinggal d indonesia tapi tidak menerapkan nilai pancasila apa itu yg lebih berbahaya tidak nasionalis di bnding perantau yg mencari ilmu dan rezeki di luar tapi masih ingat dg negeri sendirikeluarga sendiri,neutral
ketika sudah tidak ada lagi yang dapat dipercaya disaat itulah nasionalisme mulai memudar dari pada diam terlindas lebih baik pergi selamanya untuk berperang,negative
slide terakhir bisa di delete sama orang difotonya ga ya,negative
tau drmn politik stabil  engga,neutral
is there a foreign country that wants to make me its citizen because my sense of nationalism in indonesia has been lost because its government officials are very corrupt and oppressive,negative
kalau saya kabur pun belum ada skill berbahasa maupun keuangan jadi nya saya bertahan di indonesia mudah mudahan yang sedang kabur atau berkerja di luar ngeri di beri rezki yang halal dan berkah  diberi kesehatan dan bisa berkumpul kembali dengan keluarganya sama semoga indonesia sehat dan semoga para pemerintah nya tidak berpikir untuk memperkaya diri sendiri oleh uang rakyat,positive
eh jangan lupa  jerman sama finlandia juga ready menampung manusia indonesia ,neutral
wajahnya,neutral
bahlilbahlul,negative
kayak nya emang bener harus kabur aku juga lagi cari info di google buat bs kerja di luar negara yg gaji tertinggi di luar asal ada niat kerja guys dan gak malas,neutral
saya malah mempertanyakan dengan tajam rasa nasionalisme para koruptor di negeri ini ,negative
itu dokternya typo waktu nulis namanya harusnya bahlul bukan bahlil,negative
jawaban bahlul,negative
nasionalisme doang gabikin perut kenyang i guess,negative
malah seolah olah lempar batu sembunyi tangan kalau indonesia itu nyaman harga bahan pokok sesuai dgn pendapatan masyarakat dan pekerja mendapat upah yg sesuai kami rakyat indonesia pasti tidak mau pindah keluar negeri kami juga sangat berat m,negative
dari muka aja keliatan jarang tersentuh air wudhu tu manusia,negative
lpg  bikin gaduh senusantara udah bilang nasionalisme yg gmna,negative
yang ingin kabur silahkan kabur dan yang ingin netap silahkan netap semua punya pilihan karena masingmasing ada plus minus nya,neutral
cinta indonesia gak mesti tinggal di indonesia,neutral
baru sadar pada ,neutral
        warga rw,neutral
        warga rw,neutral
uda pindah negara aja dan kalo bisa pindah wna,negative
yok kaburajadulu ,negative
nice shot man,negative
hotlike you manly hairy pit with body,negative
bhai you look stunning,positive
idaman,positive
di negeri sendiri cari kerja dipersulit  giliran rakyat cari kerja kenegri orang dikira gak nasionalis  emang paling bener deh kalian udah gak bisa berkata lagi dgn kelakuan pejabat ini ,negative
dari pernyataan mereka bisa ditakar kualitas berpikirnya ,negative
sakit ya otaknya ga bisa benerin masalah karna generasi mereka sendiri,negative
bapak yaserli bapak hasan bapak mahfud bapak anies menyala pak,positive
response pak hasan juga bagus loh itu ngingetin but punya skill kalo mau ke ln,positive
abah anis paling masuk akal ,positive
komentar slide  dan  memang agak lain mungkin terdapat perbedaan di ilmu dan pola pikir,neutral
pernyataan tergoblok di pegang oleh wamenaker,negative
abis ngoplos kabur kak,negative
x kerja x di phk belum yang termasuk ditolak krn kurang tinggi kurang putih hasil psikotes ga lulus dan embla emble emblemmmmm,negative
faktanya dari jaman baheula klo pas jadi oposisi paling pinter kritiknya giliran udah masuk diem diem bae pas keluar dari pemerintah ngomel ngonel lagi,negative
pak nusron itu yg korupsi makan duit rakyat emangnya cinta tanah air,negative
calon gak lama ni menaker,negative
jawapan slide  tu betul tolol ya ges pungli berdasi lu  bukan nya suport malah se akan akan pmi tidak nasionalisme kedubes itu di gaji oleh devisa dari pmi pmi penyumbang terbesar betul bangsat lu pungli bengis lu ucapan lu sampaaaah  thks suport yg terhormat  pak mahmud dan pak anis sehat,negative
pak menaker respect ,positive
selesaikan bersamawkwkwkkwwk,neutral
weh ya emg kaga cinta tanah air  gw juga klo punya modal udh dri dulu minggat dari indo,negative
kelihatan banget ya quality nya,negative
the cycle of loud opposition and silent governance is a natural consequence of the different roles these groups play the opposition exists to critique and pressure while those in power must focus on governance and stability source by chat,neutral
masalah nya gara gara lu pada kita yang di suruh urus ,negative
tanggapan berkualitas vs tanggapan,negative
hanya slide terakhir yg bgus,positive
bukan nya sadar bahwa banyak anak mudah pada keluar malah ngga berbena,negative
hihihihihihihi cepet,neutral
kenapa yg berkuasa diatas jawabannya tidak ada yg solutif,negative
andai dulu anis dan mahfud ya,neutral
prof mahfud terbaik,positive
cara ngelike separo gimana ya,negative
aku padamu pak yasserali,positive
 mas anis,neutral
yah bahasa pejabat pait bangett dah,negative
agak kaget sama responnya pak menaker respect sama bapak ,positive
acc slide terakhir,neutral
yg waras cuma slide,negative
bisa bandingin kan mana yang ngomongnya orang yang terdidik dengan baik sama yang engga,negative
kenapa baru di era presiden yg sekarang digemborkan klu bayk siswa nerusin ke lnla dari zaman dl sklhn ank saya g ad maslh kena diespose kok ya pada zamannya presiden bpk prabowo kenapa th th kmrn gak disingug ttg aklh ke ln sejak dl itu smuit smkn smun byk jg lulusan ikut beasiswa ke lnjadi aneh sekarg apapun ditonjolkan apa salah ujungy presiden dan bangsa yg di jelekin kita toh jg msh di bumi indonesia ayolah kita sama bawa bangsa ni jadi baik jgn dihujat trus ,negative
hanya orng cerdas yg berfikir untuk memperbaiki diri yg lain ah sudahlah yg penting perutku kenyang,negative
slide akhir angkat topi untuk komenan anda,positive
kalian yg ngapain aja sampe keluar hastag kaburajadulu,negative
ya allah pak anis saya sebenarnya senang dengan gaya kepemimpinan pak anis lindungi pemimpin kami yg jujur ya allah amin,positive
ahhh gw senang di luar negeri kerja apapun itu semua terjalin nga kayak di konoha,negative
dari komentar mereka kita jadi tahu siapa yg layak memimpin negri ini dan siapa yg tdk layak harus dibuang ke tong sampah,negative
menteri paling depan kok jawaban nya ga da etika ya  kayak gak sekolah gitu,negative
betul bro cacat logika berpikirnya tatanan dunia bisa hidup kalau ada pro kontra demokrasi bisa hidup ketik ada pemerintah dan oposisi inovasi dan celah improvement juga bisa lebih terlihat ketika kita memberi ruang terhadap org yg bukan be,negative
hari makan omongan aja,negative
pret,negative
bapak yasserli bapak mahfud bapak anies,neutral
sisanya boomer,negative
sejauh ini yg waras cuma bapak yasserli pak mahfud dan pak anies ,positive
dari pemimpin aja keliatan banget jomplang nya ,negative
nikmati pilihan kalian kaum  selamat nyari gas susah dan phk dimana ,negative
ini kumpulan orang pinta kan tapi kenapa kata yang berkualitas hanya dihasilkan oleh  orang lha yg lain ada masalah apa,negative
okei bismillah bentar lg kaburr hihi,neutral
orang julid irasional  orang positif rasional,neutral
bacot kalo dah dapat jabatan enak aja ya omongnya,negative
menteri ketenagakerjaan dan wakilnya tampak tidak sinkron dalam berpendapat,negative
orang jahat akan menyalahkan kaburajadulu sementara orang baik akan menasihati jiwa kebapak annya kuat,neutral
menterinya objective dan masih mau mikir wamennya malah hihihi ,negative
beginilah kelakuan pejabat pejabat yg berkualitas sama yg mania,negative
dih,negative
sesimpel kalau pilih anies atau ganjar bisa baik atau buruk tapi kalau pilih  itu dari awal udah buruk dari pencalonan gibran debat capres cara kampanye dialog kadin dan kpk,negative
setujuuuu,neutral
jawaban paling realistis pak menaker,positive
wamenaker wamenaker kok gtu ngomong nya hahaha,positive
thisss,neutral
oh jdinya hrus kuat bergelut dengan ketidak seimbangan ekonomi di negara ini gtu pak,negative
knp dulu presiden nya buak pak mahfud aja ,negative
pak mahmud pak anis ,neutral
menaker sama wamenaker beda gini responnya sayang banget pak yasserli di duetin sama anomali,negative
pak mahfud ,neutral
yang seharusnya dibuang adalah orang orang di pemerintahan yang tidak becus bekerja bukan rakyat nya,negative
pak anies baswedan respect,positive
pk yaserly  mudah ada  aksinya  bukan intimidasi,negative
ada petinggi yg emosional dan menampakkan kebodhn ada juga komentar cerdas dan bijak seharusnya pemerintah tanggap dgn situasi ini sindiran keras kaburajadulu menunjukkan situasi di dalam negeri yg akut,positive
pak mahmud mdyaserli,neutral
bisa jadi wamen begitu ya ,neutral
terakhir paling makjleb,neutral
pernyataan macam apa seperti itu dari seorang wakil menteri ketenagakerjaan,negative
maaf tp yg koar biasanya bukan pelaku tp pengangguran pak ya yg pada sanggup ke luar negri nya mah ga berisik pengangguran nya mah sampai detik ini mempertahankan tren ngaggur aja dulu,negative
kaum penjilat praroro emang kata nya gak ngotak ampas semua cuma jilat doang si noel itu sudah mundur belum omon omon aja tu ampas,negative
seriusdisini banyak yang punya skil tapi lapangan pekerjaan buat maenan,negative
sok tahu loo,negative
selesaikan bersama pala bapk luu,negative
mending gelar rapat di jalan tol pak biar bisa denger lgsg suara rakyat nya gmn klo anda gk buta dan tuli pasti bisa menyadari,negative
yang buat masalah siapa yg disuruh nyelesain bersama lawak,negative
geter dikit epek panadol ijo wkwkwl,negative
iya tp wamenaker nya dong,neutral
betul pak hasan nasbi,neutral
pas baca yang dari menaker sama pak mahfud gw jadi sadar indonesia bisa pulih dari korupsi,positive
mereka yang kabur aja dulu itu buat nyari duit krn disini susah nyari kerja gk ada hubungannya sama nasionalisme,neutral
bertepuk sebelah tangan,negative
kurang patriotik gimana toh cokk rakyat ni cuma anak tangga menuju korupsi besar besaran aja blok patriotik kami gak guna kalo pejabatnya kayak tadi semua,negative
ampas sisanya mantab,negative
pa prabowo tanggapannya,neutral
babe mahfud,neutral
seperti film kadirdoyokkata katanya kabur yok,negative
tapi sebenci nya kita sama keadaan indonesia kenapa yah kok tetap cinta tanah air aneh,neutral
maka dri itu tiap hri saya sllu berdoa smoga anakku nnti bs dpt sekolah dan bekerja di luar negeri sj gpp jauh dri anak yg pnting masa depan dia trjamin bkn krn gk cinta tanah air tp memang bnr gk bs byk brharap,negative
di slide terakhir ada youtuber ome tv lupa siapa namanya,neutral
ang pergi migran pulang juragan,negative
aaaaaku suka aaaku suka pak,positive
lah kemana malah ngomong d luar tidak seindah yang kita bayangkan pa menteri klo rakyat mau kerja di luar pemerintah fungsinya cuma kasi jalan dan perlindungan buat d luar negeri sana bukannya malah gomong macem biarkan saja mereka mau pergi kemanapun toh klo ke luar juga mereka ngga merugikan malah yang anda negara kita untung malah dapat devisa dari luar malahan harusnya pemerintah harus lebih gencar lagi mencari pekerjaan buat rakyat di luar negeri supaya makin banyak devisa yang di dapat toh nanti juga klo mereka suda bisa atau sudah tua pada akhirnya akan balik lagi,negative
jawabannya qo tetep ga ada solusi ya harusnya cegah yg pada mau kabur aja dulu dengan lapangan pekerjaaan dinegara sendiri dengan gaji yg layak begitulah kira menurut bahasa aku bukan cuma ganti hastag,negative
betul sekali terlalu byk persyaratan apalagi masalah umur pdhl umur di luar negeri tdk jd patokan asal masih sehat n kuat trs klo pun ada krj gaji dibawah umk bgt atau gji borongan miris sekali,negative
saya sudah kerja dtempat sama dengan kontrak tahun selesai lanjut kontrak tahun begitu ja ulang sampe tahun g pernah merasakan thr full gaji karena outsourcing kontrak tahun dihitung hanya bulanan sakit sih sakit tapi kaya orng terpaksa kerja buat anak dan istri yang lebih aneh lagi kerja di tempat pemerintahan tapi kek di jajah negeri sendiri,negative
otewe kaburajadulu,negative
minimal ijasah apajt lowongan kerjasyarat apa aja,negative
ifan udah dikasih kesempatan kedua sama allah untuk hidup gunakanlah kesempatan itu untuk berbuat yang baik dan jangan mengecawakan sesama gausah ikutan bersuara seperti ini karna artis sebenarnya tidak pantas apalagi kondisi negara lagi panas malah mendukung malu berarti indonesia gagal memberi lapangan pekerjaan malah disuruh kerja ke luar negri jadi babu tki dan lain duh sehat deh loh tenang aja masih aman karna prabowo jadi presiden ntar kekuasaan pindah kubu baru gaakan muncul kayak begini politik ada masanya kita sebagai rakyat liat aja dulu mana artis yang mendukung kebijakan seperti ini dan suatu saat bakalan kita tagih,negative
udah paling bener kerja di luar negeri tenaga lbih di hargai,positive
wah kurang paham konsep kabur aja dulu ni pak mentrinya maksudnya itu mereka berharap bisa dapat pekerjaan di negeri sendiri tp karna persyaratan yg terlalu ribet makanya banyak yg ingin keluar negri untuk bekerja,negative
harusnya ksh solusi gmn caranya masyarakat bisa memperoleh pekerjaan didalam negeri tanpa harus keluar kalo sampai banyak msyrkt indo yg kerja di luar negri brarti negara lain lebih baik dong pak drpd negara sendiri,negative
tapi kerja keluar negri itu biayanya darimana sedangkan biayanya itu mahal,negative
kalau bener bener gratis udah di jepang saya bapak,negative
lapang kerja itu banyak lo mba dulu saya pas gadis itu buanyaakkk bgt lapangan pekerjaan tapi didalamnya banyak orang nakal yg diterima yg nyogok pakek duit embelnya biar bisa jdi kartap eh kerja setahun di phk temen saya sendiri nih nyog,negative
salfok sama pakaian ra,neutral
laah kesenangan pemerintah juga kalo pada keluar negri kan penyumbang terbesar untuk negara kan devisa yee kan tpi para devisa saat pulang di bikin susah di imigrasi negara sendiri di bea cukai lah kirim baju yg udah gak kep,negative
iyaa kan keg di bujuk i udah jadi devisa aja sana kan yg untung negara juga trus kemakan dah uang nya di oknum yg udah jalan nya di korupsi udah ketebak penyumbang besar di negara kn devisa,negative
pinter sepemikiran kita,positive
maka itu mohon donk kami di kasi pelatihan skil buat apa disnaker di daerah daerah kurang aktif mohon di beri kami peluang,negative
trimakasih kak fan se,neutral
sekolah tinggi cari kerja persyaratan susah ada bikin skck segala lah kerjanya serius gajinya becanda,negative
malah di bilang persyaratan untum ke luar negeri bukan di kasih solusi di dalam negerikonohaa,negative
solusinya pengendalian jumlah penduduk yg notabene suka kawin cerai beranak kawin lg beranak lg kawin lg beranak lg kalau kawin istri ngg masalah asal tanggung jawab pd anak istrinya belum orang orang pacaran punya anak belum tki yg sama banglades punya anak,negative
bang ifan ikutan recording bang di studio abang,neutral
kita kerja di luar negri karena indonesia susah carikerjalowongan pekerjaansulit banyak pekerja migran indonesia,negative
ok sja,neutral
setuju banget,neutral
berarti solusinya apa ini,neutral
di indonesia kerja serius gaji bercanda kuliah mahal kalo masih guru honor buka amplop hari ini besok  hari juga kelar,negative
betul krja masak bayar,negative
wamen kau bilang kabur aja gak usah balik lagi  enak bgd jd pejabat di konoha oiii,negative
krj dsni yg hdup dg gaji dan tunjangan yg layak cuman pejabat negara doang yg dgaji oleh rakyatnegaranyasmntara rakyatnya kpgn krj dg gaji yg mncukupi sja suliiitt nya mnt ampun dg syarat krj yg bejibun ky nyari jodoh hrs fresh graduate pnmpilan mnarik minimal srjanakurg cm aja gagal hrs perfecttua dkit apalg mau cri krj makin himpit rasanya ksmpatan loker,negative
makanya tdk sedikit rakyat indonesia mau pindah ke luar,negative
aku padamu pak,neutral
slalu dibahas tapi tak pernah da solusi,negative
bismillah tahun inii kaburr,neutral
setuju,neutral
sedih pak usia  tahun keatas sdh tak bisa bekerja formal di pemerintahan karena ada batasan umur boleh pak dinaikkan lagi dibatas usia jadi  tahun,negative
kenapa gak mampir aja dulu ke,neutral
usut lag itu calo calo yg di imigrasi  kedutaan udah cari kerja di indo sulit mau ke luar negri makin dipersulit,negative
mantap bang masuk akal,positive
kerjaan banyak cuma penghasilan nya itu loh,negative
intinya apaa lapangan kerja diindonesia sangat kurang dtambah pemerintah yang korup ,negative
kaburajadulu adalah bentuk protes satire terhadap pemerintah yg gagal menyediakan lap pekerjaan dgn mandegnya investasi industri dll di indonesia bukan ttg boleh atau tidak setuju atau tidak  masa gitu harus dijelasin siyy,negative
iya kerjaan yang ada disiapin buat orang kayak lo ,negative
garis bawahi gaji jauh lebih baik dari tanah air indonesia terxinta ,negative
shame on you,negative
bener kak yg di cari mak th gimana yg udah tua gini,positive
betul baru  hari masa langsung jadi ketumkn mau enakny saja,positive
sy setuju sih keluar aja dulu di dalam berantakan,negative
di kampung ijazah sma bnyak berpikiran mudah dpet kerja  nyata nya  hoki an bisa krj di pabrik  tpi saya bersyukur meskipun harus menempuh pendidikan  thun hanya jadi kuli,positive
indonesia terus maju dan bisa menjadi indosia emas,positive
kerja diluar negeri lebih baik daripada kerja di negeri sendiri ,negative
skill apa saja yg di butuhkan dari sana bg,neutral
gaada solusinya malah kyk nyuruh kita utk merantau keluar negeri bukannya mesti diperbaiki yaa didalam negeri ini lapangan pekerjaannya dan syarat melamar nya,negative
stop narkoboy,positive
kaya orang cina aja kabur  ke indonesia wkwkwkwkkwkwk,negative
penghasilan kecil pemerintah yg salah sadar woi kerjakerjaamau hasil besar kerja cerdasdm ja klu mau join kerja,negative
sekolah mahal pas kerja gajinya kecil kadang masih bayar untuk dapat kerjaan terpaksa kaburajadulu ,negative
kita butuh bukti bapakbukan cuma omon saja,negative
menggaji karyawan ada aturannya ada umk semua dah diperhitungkan oleh pemerintah brobro kamu cuma mikir gaji doang bagaiman para pengusahapemilik umkm mikir bagaimana bisa produksibisa menjual hasil mereka bisa gaji kary tiap bulan,negative
karena pemikiran seperti anda itu muncul lah kaburajadulu g mau dituntut memberikan kelayakan kocak,negative
anda seperti pelaku usahapemerah tenaga kerja syarat kerja banyak jobdesk multitasking gaji cuma umk jauh dari layak di dunia knp begitu krn kebijakannya pro oligarki bukan rakyat makanya muncul kaburajadulu di indonesia g dihargai,negative
sekarang tinggal pemerintah ngasih program kelas bahasa gratis untuk bekal ke luar negrinya mau sebanyak apapun lowongan kerjanya di ln juga percuma orang kita masih terkendala di bahasa,negative
kenapa saya berkomentar kaya gitu kalau nggak tau masalah dunia usaha kamu lebih kocak,negative
saya sudah dari  pak kabur keluarga negri emang susah cari kerja d dalam ngeri ,negative
kan sudah saya bilang anda itu pelaku usaha pemerah tenaga kerja syarat dan aturan pengganjian dsb kan pemerintah yg memutuskan dan apakah anda memperjuangkan kelayakan hidup pegawai anda dengan dalil ikut aturan umk padahal itu upah minim,negative
karena ada pelaku usaha yang pemikiran seperti anda itu mending kaburajadulu g pro rakyat,negative
saya bekerja di taiwan boleh kerja keluar negri yg penting siapin mental dan skill nya jgn yg dipikirin gaji nya gede,positive
itulah alasan saya untuk membangun usaha sendiri,neutral
kami masih menunggu janji wapres  juta lapangan kerja,negative
setujuuu,neutral
betul sekali,neutral
cocok,neutral
jawaban yang tidak memuaskn,negative
kocak banget sih masa kalimat terakhir pergi migran pulang juragang kompeten sih  udh pak lah klo g pinter jngan jdi mentri bukannya kasih solusi yg bermanfaat,negative
betul sekalidinegra konoha mana ad dihargai,negative
hahahmaklum satu kolambisa di tebak dari kualitas komen nyakaga nyambung,negative
yaabegitu lah negara kita mbakperasaan makin hari makin susah aja nyari kerjaan di negara ini,negative
jalur nya yang resmi dan prosedural boleh di share kakak,neutral
lhaaa hrs nya indonesia berbenaah diri masalah lapangan pekerjaan bukan malah di persilahkan kabur hadeehhh,negative
artinya ada kegagalan di dalam negri,negative
disini jg tdk seindah yg kita bayangkan gimana donk,negative
menurut saya negara sudah berusaha semampunya untuk menyediakan lapangan kerja hanya saja pertumbuhan penduduk kita tidak sebanding dengan jumlah lapangan pekerjaan yang ada mau ditambah lapangan kerjanya pun tetap tidak akan sebanding karena memang jumlah pengangguran kita juga bertambah selain itu masyarakat kita kurang punya daya juang untuk membuka usaha sendiri kebayangakan berharap jadi karyawan dari usaha orang kondisi ini berbeda dengan negaranegara seperti jepang atau korea selatan yang jumlah penduduknya sedikit sehingga sebanding dengan lapangan kerja yang ada bahkan jumlah penduduk semakin berkurang sehingga harus meminta wna dari negara lain jadi ya memang salah satu langkah yang bagus saat ini adalah pemerinta memfasilitasi wni untuk bisa bekerja di luar negeri,positive
kalau sa,neutral
kalau nyampe bayar segitu mending buka usaha sendiri kak,neutral
kerja ada batas usia max  tahun trus yang umurnya dah lewat bingung mau cari kerja apa,neutral
selamat malam pak,neutral
serem bgt skg rame yg kualiatad begini di posisi atas negri konoha ,positive
jawaban menterine tololll gak masuk logika masalahnya,negative
pemerintahannya gagal mengatur negeri pokus korupsi pendidikan di kebiri masuk sekolah negeri harus ada orang dalam negeri jadi ngeri,negative
pulang juraganiya kek nanti udh masuk beacukai bayar bayar bayar apalagi kalo brng brng nya bnyak yg di bawa ke indo,negative
jgn dbatasi usianya donv bang klo mau nyari kerjaan kasian irt sprti sya yg msh pengen krj tp terkendala umur,negative
gimana sih rakyat sendiri kok disuruh nyari kerja di ln kan ga semua orang mampu ke keluar negri yg butuh pekerjaan bikin lapangan pekerjaan sebanyak banyaknya dong bukan malah mendukung rakyat kaburajadulu,negative
takutnya kita keluar negri cina masuk rohingnya masuk,negative
kpn rip,neutral
lpk kak,neutral
mb klw usia  apakah masih bisa ke jepang,neutral
nunggu waktunya,neutral
aaminnkorea,neutral
aku kerja di hongkong tahun mau pulang takut  takut ga ada uang pdhl udh punya apa apa tapi ttp takut  tmn tmn blng jangn pulang disana aja aku mau keluar negri aja susah jadi aku nambah lagi tahun ,negative
luar negeri,neutral
this is very serious,neutral
gass yuk tahun ini ,neutral
ya ga punya skill  jagn sok ikutin admint ini sesattt yang ada lu jadi korban  kadang ini admnintnya agak anehh,negative
akuuuu jugaaa pgen  kaburajadulu,neutral
ide bagus,neutral
akan ku usahakan sampai bisa,positive
fr,neutral
take me tooooooo,neutral
pindah swiss,neutral
pergi hilang dan lupakan,negative
taun depan pindah ke planet mars,neutral
im already do it,neutral
pngn bngt,neutral
bulan depan ,neutral
yes benar sekali ,neutral
korea koreaa ,neutral
enak nya ke negara mana ya ,neutral
huammmmmm,neutral
kak ikuttttt,neutral
mw cerita dm kakak ku gx boleh gitu ngmng nya hug kamu dari jauh,neutral
otw jerman belanda jepang taiwan korea amin,neutral
australi iam coming,neutral
aku mau tapi gimana,positive
kekorea contohnya ,neutral
wish list terpendam sih,neutral
keinginanku  ,neutral
aku jugaaa bisa ngga sih pindah,neutral
otw,neutral
i wish,neutral
italia ,neutral
i wish i can,neutral
tahun  lebaran di negara kangguru pokoknya,neutral
pengen ke jepang,neutral
tahu depan jadi warga eropa amerika atau australi yuk bestie pilihan sudah ada didepan mata ni gasolina  ,neutral
indonesia maaf kamu sekarang kamu udah terlalu tidak masuk akal,negative
yesss,neutral
pengen banget,neutral
my dream,neutral
inilah impian ku saaat ini dan masa depan ku,neutral
sudah terlakukan hh ,neutral
tahun depan pindah ke korea,negative
adopsi gua thailand mau ketemu august,neutral
 tinggal dijepang boleh lah,neutral
indonesya gelap,negative
mau ke luar negeri tapi sadar gw taunya cm yes no doang,neutral
pindah alam aja mendingan,negative
tokyo or gangnam,neutral
aku niat hati pindah jauh dri rumah dpet suami enak di jgja eh tetangga yg nikah sama sodara suami temen nikah sama sodara suami juga,neutral
pasti bisa,positive
bismillahirrah semoga tuhan ijabah doaku amiin,neutral
dimana aku tidak mengenal banyak orang ,neutral
di suruh ke jepang ya elah aku,neutral
aku menemukan kalian,neutral
waduuu dek,neutral
pengen sih  tp takut nyasar ,neutral
pngn ke koreaaaa ,neutral
kaburajadulu,negative
please bawa aku ke us please ganti nama dan jadikan aku istrimu ell ,neutral
kemana kita nih ,neutral
di negara lain ketemu jodohnya mungkin,neutral
pengen banget pindah negara jirr,negative
tahun depan keliling dunia ,neutral
gass otw ke jepang,neutral
aura pindah negara nih kek nya ,neutral
pernah terlintas di otak kutapi sayang aku sadar diri bahwa diri ku pengangguran,negative
tunggu aku udh kerja dlu yyyy,neutral
taun depan  otw jepang ak ikut,neutral
yeah thats what i mean ,neutral
di negeri ini terlalu banyak aturan yg membuat kita puyenggk ada gitu negara yg mau nampung,negative
ke korea ah di indo ngebosenin,negative
menghilang aja nggak siiii,negative
andai semudah membalik telapak tangan,negative
pindah ke swedia aja dah,neutral
mau banget ,neutral
dan memalsukan bikinn surat kematian,neutral
besti,neutral
pengen,neutral
meluuuu,neutral
kalau yang ada di belahan dunia lain aja bisa bergerak yang di tanah air harusnya lebih keras lagi suaranya  in solidarity from canada ,positive
jihad jaman sekarang melawan kedzoliman adalah dengan bersuara,positive
dan juga berpendapat tidak melanggar uu selagi dilindungi sampaikanlah ,positive
buat yg udah jadi tawanan negara gimana min talking about casns,positive
trimakash adek mhsw yg sudah turun melawan pelanggaran konstitusi atw para wakil rakyat yg sewenang wenang koruptor nepotisme era skg inibikin gemesss dr ank jokowi jd wapres mantu jd gubernur paman mkparah  para mhsw smw kerennnnnmg alloh swt melindungi kalian smwdn keadilan kesejahteraan sgr terwujud jk ad pemimpin negara ini yg mewakili rakyat aamiin ,positive
keknyo kalo skrg bukan pemerintah vs rakyat  skrg malah rakyat vs rakyat ran upss takut bgt,negative
kalau pns gimana geraknya kak,neutral
kalau gak mampu ikut demo setidaknya bantu berisik di sosmed tidak ada kata mundur semakin mereka keras semakin kuat kita melawan,positive
kalau sekarang di bilang mahasewa lah di tunggangi lah provokator lah,negative
gw emang blum jadi guru tapi krn dulu pernah magang di suatu sma udah tugas gw untuk menyampaikan hal ini yg pasti bukan menggiring opini tapi mengingatkan privileg sebagai siswa yang sebentar lagi jadi maba di perguruan tinggi gak lupa ngingetin terkait  peran mahasiswa yang salah satunya sebagai promotor dalam isu yg terjadi alhamdulillah beberapa memang ada yg udah sadar kalo negaranya bobrok semoga yang lain juga ikut menyusul untuk terus berisik,positive
privilege,neutral
sy ibu rumahbtangga sj gedeg bgt dg pemrintahn skngdr awal sj sdh di obok mksmpe sy indpendent utk mengwdukasinspy jgn memilih iniada cendanakabinet gemukairlangga tiba kaesang jd ketum parpol psitp otaknalar voter  mmg ga jalanapalgi pas debatprabowo speaking joget gemoywaduhhh edeknya sekrng kan semua kenaaaadinkasih pilihan anis or mahfud loh,negative
lah gerak gerak saja pns itu di gaji pakai uang rakyat bukan orang atas sana malah seharusnya lebih banyak bergerak karena di gaji oleh rakyat,negative
tetap gerak mas ga bisa turun ke jalan masih bisa bersuara di medsos krn saya sendiri udah lama jadi tawanan negara plus istri aparat tp saya tetep bersuara meski hanya di medsos sambil edukasi ke anak kalo kelak mereka berhadapan dgn ke,positive
setuju sih kak kemarin udah nyoba posting di medsos tapi ditegur senior diminta take down,negative
kami bersama akal sehat kami bersama adik mahasiswa semoga allah tolong bangsa ini semoga allah karuniai babgsa ini pemimpin yg adil dan takut kepadanya ya allah hancurkanlah pemimpin yg dzolim sebagaimana engkau menenggelamkan firaun yg dzolim dan sombong ,positive
kerenn collab ,positive
gagalkanruutni iniiiilulawwwmikir mikir lagi buat yang bilang guna demo buat apa,negative
aku udah kena ancem pake uu ite segala karena ngomongin demo di malang yg ricuh,negative
if you cant fly then run if you cant run then walk if you cant walk then crawl but whatever you do you have to keep moving forward ,positive
berpendidikan dan menjadi terdidik adalah sebuah privilese privilege besar gandengan sama tanggung jawab besar sampaikan walau seayat kalo versi nabi,positive
gassssss,neutral
pake akun anonim kak banyak asn yg bersuara tp pake akun anonim kok,neutral
saya juga tawanan negara mas justru krna kita ini manusia terdidik dan berhati nurani makanya kita harus bersuara melawan penjajah dr negeri sendiri,positive
menjadi sarana pengendalian pemikiran forr reallll,negative
yok kita ramaikan demo itu tolakruutni,positive
gerakajadulu ,positive
mereka pemerintah tau min kalo bentar lg lebaran jd org org sibuk buat lebaran,negative
 pelajar dan mahasiswa,neutral
sudah saatnya kita keluar dari zona nyaman untuk berdiam diri saat ini hanya ada dua pilihan bergerak atau tenggelam ditelan tirani sudah saatnya beraksi,positive
saya kabag kemahasiswaan di sebuah pts kecil di diy rasanya ingin repost reminder initp tkut kciduk lldikti nnti kena tegur ,negative
aku bikin kru film mau bersuara lewat karya film tapi liat berita kemarin tentang peretasan akun sya sebagai sutradara nya jdi agak khawatir aman gak ya btw kami anak smk,negative
hem ok,neutral
dear adekadek gw dulu tahun  setiap kampus dikirim sempak cewek sama bh supaya ikut pergerakan tapi ingat ada oportunis dan ada spy dimanamana meski mentri pendidikan saat itu mengancam akan mendo para mahasiswa yang ikut turun ke jalan tak ada yg peduli bergerak serentak satu suara satu nafas lawan,positive
setuju adalah salah satu jalan untuk mengubah politik yg brengsek tapi pendidikan yang seperti apa pendidikan template sekolah kuliah pasti bakal tidak merata dan terpusat serta kualitasnya naik turun menurut saya sendiri pendidikan karakter adalah sebuah penting yang harus diterapkan oleh pendidikan karena banyak orang indonesia pinter tapi karakternya tidak kuat cthny gampang dihasut dapet duit dikit akan ketagihan yg akhirnya rakus dan orang indonesia harus dilatih utk berpikir kritis bercabang serta liar konteks positif,neutral
berlawan dengan cara masing masing,positive
akut takut dibully jawa,negative
terusberisik tolakruutni tolakruupolri cabutuutni stopkekerasanpadamahasiwa indonesiatidakbaikbaiksaja indonesiagelap,negative
sebagai calon guru lebih ketampar ama slide  sih bayangin aja tujuan pendidikan yang awalnya menciptakan manusia berwawasan luas malah menjadi sarana pengendalian pemikiran kita gak akan pernah tau apa yang telahdulu terjadi karena informasinya diatur ama pemerintah,negative
martin luther king jr pernah bilang kalo lo gak bisa lari ya jalan kalo lo gak bisa jalan ngerangkak yang penting lo gak boleh diem,positive
kelas king,positive
ajak geraakkk terkeren ey saluut,positive
prajurit sejati bukan mereka yang mengambi alih kursi birokrat tetapi mereka yang menjaga perbatasan dengan cinta kepada rakyat dwifungsi pernah kita kenal dan kita tahu apa yang di tinggalkannya jangan sampai sejarah menjadi kitab yg di baca tanpa hikmah,positive
agreeeee,neutral
gua udah berjalan dengan buat digital poster bagi bagi poster di jalan sambil bergerak sayangnya waktu gua ga banyak hanya weekend,positive
takut,negative
sebarin di story mas bagiin tautannya biar kita semua bisa pake tiap ada demoaksi,positive
im a proud brave and an educated daughter,positive
bukan cuma kemewahan idealisme adalah bahan bakar perubahan selama ada yg berani bersuara harapan tetap hidup,positive
sebagai ibu rumah tangga tetap ikut berisik bersuara walau lewat story yang penting jangan diem ,positive
stay safe temen mahasiswaaa ,positive
jangan takut dibungkam suaramu kawan mereka akan semakin jumawa jika melihat kalian takut saya adalah bukti bagaimana mereka takut dengan suara dari seorang warga sipil muda berusia  tahun tapi mereka tak akan pernah bisa membungkam api juangku lawan dan gunakan suaramu dengan bijak panjang umur perjuangan,positive
hanya doa yg bisa saya suarakan untuk keadilan indonesia,positive
